rank,team,matches_played,wins,drawns,losses,goals_for,goals_against,goals_diff,points,season
1,Manchester City,13,11,2,0,40,5,35,35,2018/2019
2,Liverpool FC,13,10,3,0,26,5,21,33,2018/2019
3,Tottenham Hotspur,13,10,0,3,23,11,12,30,2018/2019
4,Chelsea FC,13,8,4,1,28,11,17,28,2018/2019
5,Arsenal FC,13,8,3,2,28,16,12,27,2018/2019
6,Everton FC,13,6,4,3,20,15,5,22,2018/2019
7,Manchester United,13,6,3,4,20,21,-1,21,2018/2019
8,AFC Bournemouth,13,6,2,5,22,18,4,20,2018/2019
9,Watford FC,13,6,2,5,17,17,0,20,2018/2019
10,Leicester City,13,5,3,5,18,17,1,18,2018/2019
11,Wolverhampton Wanderers,13,4,4,5,12,15,-3,16,2018/2019
12,Brighton & Hove Albion,13,4,3,6,14,19,-5,15,2018/2019
13,Newcastle United,13,3,3,7,11,16,-5,12,2018/2019
14,West Ham United,13,3,3,7,14,22,-8,12,2018/2019
15,Huddersfield Town,13,2,4,7,8,22,-14,10,2018/2019
16,Crystal Palace,13,2,3,8,8,17,-9,9,2018/2019
17,Burnley FC,13,2,3,8,13,27,-14,9,2018/2019
18,Southampton FC,13,1,5,7,10,24,-14,8,2018/2019
19,Cardiff City,13,2,2,9,11,26,-15,8,2018/2019
20,Fulham FC,13,2,2,9,14,33,-19,8,2018/2019
1,Manchester City,13,12,1,0,42,8,34,37,2017/2018
2,Manchester United,13,9,2,2,28,6,22,29,2017/2018
3,Chelsea FC,13,8,2,3,24,11,13,26,2017/2018
4,Arsenal FC,13,8,1,4,23,16,7,25,2017/2018
5,Tottenham Hotspur,13,7,3,3,21,10,11,24,2017/2018
6,Liverpool FC,13,6,5,2,25,18,7,23,2017/2018
7,Burnley FC,13,6,4,3,12,10,2,22,2017/2018
8,Watford FC,13,6,3,4,22,21,1,21,2017/2018
9,Brighton & Hove Albion,13,4,4,5,13,14,-1,16,2017/2018
10,Southampton FC,13,4,4,5,13,15,-2,16,2017/2018
11,Huddersfield Town,13,4,3,6,9,19,-10,15,2017/2018
12,Leicester City,13,3,5,5,17,19,-2,14,2017/2018
13,AFC Bournemouth,13,4,2,7,11,14,-3,14,2017/2018
14,Newcastle United,13,4,2,7,11,17,-6,14,2017/2018
15,Stoke City,13,3,4,6,16,26,-10,13,2017/2018
16,Everton FC,13,3,3,7,13,28,-15,12,2017/2018
17,West Bromwich Albion,13,2,5,6,10,19,-9,11,2017/2018
18,West Ham United,13,2,4,7,12,26,-14,10,2017/2018
19,Swansea City,13,2,3,8,7,15,-8,9,2017/2018
20,Crystal Palace,13,2,2,9,8,25,-17,8,2017/2018
1,Chelsea FC,13,10,1,2,29,10,19,31,2016/2017
2,Liverpool FC,13,9,3,1,32,14,18,30,2016/2017
3,Manchester City,13,9,3,1,29,12,17,30,2016/2017
4,Arsenal FC,13,8,4,1,28,13,15,28,2016/2017
5,Tottenham Hotspur,13,6,6,1,19,10,9,24,2016/2017
6,Manchester United,13,5,5,3,18,15,3,20,2016/2017
7,Everton FC,13,5,4,4,16,15,1,19,2016/2017
8,Watford FC,13,5,3,5,17,21,-4,18,2016/2017
9,West Bromwich Albion,13,4,5,4,17,16,1,17,2016/2017
10,Southampton FC,13,4,5,4,13,12,1,17,2016/2017
11,Stoke City,13,4,4,5,14,19,-5,16,2016/2017
12,AFC Bournemouth,13,4,3,6,15,19,-4,15,2016/2017
13,Burnley FC,13,4,2,7,12,21,-9,14,2016/2017
14,Leicester City,13,3,4,6,16,22,-6,13,2016/2017
15,Middlesbrough FC,13,2,6,5,12,15,-3,12,2016/2017
16,West Ham United,13,3,3,7,14,24,-10,12,2016/2017
17,Crystal Palace,13,3,2,8,21,26,-5,11,2016/2017
18,Hull City,13,3,2,8,11,28,-17,11,2016/2017
19,Swansea City,13,2,3,8,16,26,-10,9,2016/2017
20,Sunderland AFC,13,2,2,9,12,23,-11,8,2016/2017
1,Leicester City,13,8,4,1,28,20,8,28,2015/2016
2,Manchester United,13,8,3,2,19,9,10,27,2015/2016
3,Manchester City,13,8,2,3,27,13,14,26,2015/2016
4,Arsenal FC,13,8,2,3,23,11,12,26,2015/2016
5,Tottenham Hotspur,13,6,6,1,24,11,13,24,2015/2016
6,West Ham United,13,6,3,4,24,20,4,21,2015/2016
7,Everton FC,13,5,5,3,24,16,8,20,2015/2016
8,Southampton FC,13,5,5,3,19,14,5,20,2015/2016
9,Liverpool FC,13,5,5,3,17,15,2,20,2015/2016
10,Crystal Palace,13,6,1,6,14,13,1,19,2015/2016
11,Stoke City,13,5,4,4,11,12,-1,19,2015/2016
12,West Bromwich Albion,13,5,2,6,12,17,-5,17,2015/2016
13,Watford FC,13,4,4,5,12,14,-2,16,2015/2016
14,Swansea City,13,3,5,5,14,18,-4,14,2015/2016
15,Chelsea FC,13,4,2,7,17,23,-6,14,2015/2016
16,Norwich City,13,3,3,7,16,24,-8,12,2015/2016
17,Newcastle United,13,2,4,7,13,25,-12,10,2015/2016
18,Sunderland AFC,13,2,3,8,14,26,-12,9,2015/2016
19,AFC Bournemouth,13,2,3,8,14,27,-13,9,2015/2016
20,Aston Villa,13,1,2,10,10,24,-14,5,2015/2016
1,Chelsea FC,13,10,3,0,30,11,19,33,2014/2015
2,Manchester City,13,8,3,2,27,13,14,27,2014/2015
3,Southampton FC,13,8,2,3,24,9,15,26,2014/2015
4,Manchester United,13,6,4,3,22,15,7,22,2014/2015
5,West Ham United,13,6,3,4,21,16,5,21,2014/2015
6,Arsenal FC,13,5,5,3,21,15,6,20,2014/2015
7,Tottenham Hotspur,13,6,2,5,18,18,0,20,2014/2015
8,Swansea City,13,5,4,4,17,14,3,19,2014/2015
9,Newcastle United,13,5,4,4,14,16,-2,19,2014/2015
10,Everton FC,13,4,5,4,23,21,2,17,2014/2015
11,Liverpool FC,13,5,2,6,16,18,-2,17,2014/2015
12,Stoke City,13,4,3,6,13,16,-3,15,2014/2015
13,Sunderland AFC,13,2,8,3,12,19,-7,14,2014/2015
14,Crystal Palace,13,3,4,6,18,22,-4,13,2014/2015
15,West Bromwich Albion,13,3,4,6,13,18,-5,13,2014/2015
16,Aston Villa,13,3,4,6,7,18,-11,13,2014/2015
17,Hull City,13,2,5,6,14,20,-6,11,2014/2015
18,Queens Park Rangers,13,3,2,8,14,25,-11,11,2014/2015
19,Burnley FC,13,2,5,6,9,21,-12,11,2014/2015
20,Leicester City,13,2,4,7,13,21,-8,10,2014/2015
1,Arsenal FC,13,10,1,2,27,10,17,31,2013/2014
2,Chelsea FC,13,8,3,2,24,11,13,27,2013/2014
3,Manchester City,13,8,1,4,37,12,25,25,2013/2014
4,Liverpool FC,13,7,3,3,25,16,9,24,2013/2014
5,Everton FC,13,6,6,1,21,13,8,24,2013/2014
6,Newcastle United,13,7,2,4,19,18,1,23,2013/2014
7,Southampton FC,13,6,4,3,16,10,6,22,2013/2014
8,Manchester United,13,6,4,3,22,17,5,22,2013/2014
9,Tottenham Hotspur,13,6,3,4,11,14,-3,21,2013/2014
10,Hull City,13,5,2,6,12,16,-4,17,2013/2014
11,Aston Villa,13,4,4,5,13,14,-1,16,2013/2014
12,West Bromwich Albion,13,3,6,4,15,16,-1,15,2013/2014
13,Swansea City,13,4,3,6,17,19,-2,15,2013/2014
14,Norwich City,13,4,2,7,11,23,-12,14,2013/2014
15,West Ham United,13,3,4,6,12,14,-2,13,2013/2014
16,Stoke City,13,3,4,6,12,18,-6,13,2013/2014
17,Cardiff City,13,3,4,6,11,20,-9,13,2013/2014
18,Fulham FC,13,3,1,9,11,24,-13,10,2013/2014
19,Sunderland AFC,13,2,2,9,8,24,-16,8,2013/2014
20,Crystal Palace,13,2,1,10,7,22,-15,7,2013/2014
1,Manchester United,13,10,0,3,32,18,14,30,2012/2013
2,Manchester City,13,8,5,0,25,10,15,29,2012/2013
3,West Bromwich Albion,13,8,2,3,23,15,8,26,2012/2013
4,Chelsea FC,13,7,4,2,24,13,11,25,2012/2013
5,Everton FC,13,5,6,2,23,17,6,21,2012/2013
6,Arsenal FC,13,5,5,3,23,13,10,20,2012/2013
7,Tottenham Hotspur,13,6,2,5,23,22,1,20,2012/2013
8,West Ham United,13,5,4,4,16,15,1,19,2012/2013
9,Swansea City,13,4,5,4,18,16,2,17,2012/2013
10,Fulham FC,13,4,4,5,25,23,2,16,2012/2013
11,Liverpool FC,13,3,7,3,17,16,1,16,2012/2013
12,Stoke City,13,3,7,3,11,11,0,16,2012/2013
13,Sunderland AFC,13,3,6,4,15,16,-1,15,2012/2013
14,Norwich City,13,3,6,4,10,19,-9,15,2012/2013
15,Newcastle United,13,3,5,5,13,19,-6,14,2012/2013
16,Wigan Athletic,13,4,2,7,15,23,-8,14,2012/2013
17,Southampton FC,13,3,2,8,20,30,-10,11,2012/2013
18,Aston Villa,13,2,4,7,10,22,-12,10,2012/2013
19,Reading FC,13,1,6,6,16,25,-9,9,2012/2013
20,Queens Park Rangers,13,0,4,9,10,26,-16,4,2012/2013
1,Manchester City,13,11,2,0,43,12,31,35,2011/2012
2,Tottenham Hotspur,13,10,1,2,28,16,12,31,2011/2012
3,Manchester United,13,9,3,1,30,13,17,30,2011/2012
4,Newcastle United,13,7,5,1,19,12,7,26,2011/2012
5,Chelsea FC,13,8,1,4,28,17,11,25,2011/2012
6,Liverpool FC,13,6,5,2,17,12,5,23,2011/2012
7,Arsenal FC,13,7,2,4,26,23,3,23,2011/2012
8,Aston Villa,13,3,7,3,16,17,-1,16,2011/2012
9,Norwich City,13,4,4,5,19,21,-2,16,2011/2012
10,Everton FC,13,5,1,7,15,18,-3,16,2011/2012
11,Queens Park Rangers,13,4,3,6,14,24,-10,15,2011/2012
12,Stoke City,13,4,3,6,13,23,-10,15,2011/2012
13,Swansea City,13,3,5,5,12,16,-4,14,2011/2012
14,West Bromwich Albion,13,4,2,7,12,20,-8,14,2011/2012
15,Fulham FC,13,2,6,5,15,16,-1,12,2011/2012
16,Sunderland AFC,13,2,5,6,15,15,0,11,2011/2012
17,Wolverhampton Wanderers,13,3,2,8,13,23,-10,11,2011/2012
18,Bolton Wanderers,13,3,0,10,19,31,-12,9,2011/2012
19,Wigan Athletic,13,2,3,8,12,24,-12,9,2011/2012
20,Blackburn Rovers,13,1,4,8,17,30,-13,7,2011/2012
1,Chelsea FC,13,9,1,3,28,8,20,28,2010/2011
2,Arsenal FC,13,8,2,3,26,12,14,26,2010/2011
3,Manchester United,13,6,7,0,26,15,11,25,2010/2011
4,Manchester City,13,6,4,3,15,10,5,22,2010/2011
5,Bolton Wanderers,13,4,7,2,21,19,2,19,2010/2011
6,Sunderland AFC,13,4,7,2,15,13,2,19,2010/2011
7,Tottenham Hotspur,13,5,4,4,18,17,1,19,2010/2011
8,Newcastle United,13,5,3,5,21,16,5,18,2010/2011
9,Aston Villa,13,4,5,4,15,18,-3,17,2010/2011
10,Stoke City,13,5,1,7,15,18,-3,16,2010/2011
11,Liverpool FC,13,4,4,5,13,17,-4,16,2010/2011
12,West Bromwich Albion,13,4,4,5,16,22,-6,16,2010/2011
13,Everton FC,13,3,6,4,14,13,1,15,2010/2011
14,Blackburn Rovers,13,4,3,6,15,18,-3,15,2010/2011
15,Blackpool FC,13,4,3,6,19,26,-7,15,2010/2011
16,Fulham FC,13,2,8,3,13,13,0,14,2010/2011
17,Wigan Athletic,13,3,5,5,10,21,-11,14,2010/2011
18,Birmingham City,13,2,7,4,14,17,-3,13,2010/2011
19,Wolverhampton Wanderers,13,2,3,8,13,23,-10,9,2010/2011
20,West Ham United,13,1,6,6,11,22,-11,9,2010/2011
1,Chelsea FC,13,11,0,2,33,8,25,33,2009/2010
2,Arsenal FC,13,9,1,3,40,17,23,28,2009/2010
3,Manchester United,13,9,1,3,26,12,14,28,2009/2010
4,Tottenham Hotspur,13,8,1,4,32,18,14,25,2009/2010
5,Aston Villa,13,6,4,3,21,13,8,22,2009/2010
6,Manchester City,13,5,6,2,23,18,5,21,2009/2010
7,Liverpool FC,13,6,2,5,29,20,9,20,2009/2010
8,Sunderland AFC,13,6,2,5,21,19,2,20,2009/2010
9,Stoke City,13,5,4,4,13,15,-2,19,2009/2010
10,Fulham FC,13,5,3,5,17,15,2,18,2009/2010
11,Everton FC,13,5,3,5,17,20,-3,18,2009/2010
12,Burnley FC,13,5,2,6,16,26,-10,17,2009/2010
13,Blackburn Rovers,13,5,1,7,16,28,-12,16,2009/2010
14,Birmingham City,13,4,3,6,11,14,-3,15,2009/2010
15,Wigan Athletic,13,4,2,7,14,31,-17,14,2009/2010
16,Hull City,13,3,3,7,13,28,-15,12,2009/2010
17,West Ham United,13,2,5,6,19,23,-4,11,2009/2010
18,Bolton Wanderers,13,3,2,8,17,30,-13,11,2009/2010
19,Wolverhampton Wanderers,13,2,4,7,12,26,-14,10,2009/2010
20,Portsmouth FC,13,2,1,10,10,19,-9,-2,2009/2010
1,Chelsea FC,13,10,2,1,32,4,28,32,2008/2009
2,Liverpool FC,13,10,2,1,21,8,13,32,2008/2009
3,Manchester United,13,8,3,2,28,10,18,27,2008/2009
4,Arsenal FC,13,7,2,4,25,15,10,23,2008/2009
5,Aston Villa,13,7,2,4,22,16,6,23,2008/2009
6,Hull City,13,6,3,4,19,21,-2,21,2008/2009
7,Everton FC,13,5,4,4,19,21,-2,19,2008/2009
8,Middlesbrough FC,13,5,3,5,14,18,-4,18,2008/2009
9,Portsmouth FC,13,5,3,5,13,18,-5,18,2008/2009
10,Fulham FC,13,5,2,6,12,14,-2,17,2008/2009
11,Sunderland AFC,13,4,3,6,12,19,-7,15,2008/2009
12,Manchester City,13,4,2,7,26,22,4,14,2008/2009
13,Bolton Wanderers,13,4,2,7,11,15,-4,14,2008/2009
14,West Ham United,13,4,2,7,16,22,-6,14,2008/2009
15,Stoke City,13,4,2,7,13,24,-11,14,2008/2009
16,Wigan Athletic,13,3,4,6,15,18,-3,13,2008/2009
17,Newcastle United,13,3,4,6,17,22,-5,13,2008/2009
18,Blackburn Rovers,13,3,4,6,14,24,-10,13,2008/2009
19,Tottenham Hotspur,13,3,3,7,16,20,-4,12,2008/2009
20,West Bromwich Albion,13,3,2,8,10,24,-14,11,2008/2009
1,Arsenal FC,13,9,4,0,28,11,17,31,2007/2008
2,Manchester United,13,9,3,1,23,6,17,30,2007/2008
3,Liverpool FC,13,7,6,0,23,6,17,27,2007/2008
4,Manchester City,13,8,2,3,16,13,3,26,2007/2008
5,Chelsea FC,13,7,4,2,19,9,10,25,2007/2008
6,Aston Villa,13,7,3,3,22,14,8,24,2007/2008
7,Portsmouth FC,13,6,5,2,23,13,10,23,2007/2008
8,Blackburn Rovers,13,6,4,3,15,15,0,22,2007/2008
9,Everton FC,13,6,2,5,19,15,4,20,2007/2008
10,Newcastle United,13,5,4,4,20,19,1,19,2007/2008
11,West Ham United,13,5,3,5,18,14,4,18,2007/2008
12,Reading FC,13,4,1,8,16,29,-13,13,2007/2008
13,Fulham FC,13,2,6,5,16,20,-4,12,2007/2008
14,Tottenham Hotspur,13,2,5,6,23,24,-1,11,2007/2008
15,Birmingham City,13,3,2,8,13,20,-7,11,2007/2008
16,Sunderland AFC,13,2,4,7,13,22,-9,10,2007/2008
17,Middlesbrough FC,13,2,4,7,12,23,-11,10,2007/2008
18,Bolton Wanderers,13,1,5,7,11,18,-7,8,2007/2008
19,Wigan Athletic,13,2,2,9,10,23,-13,8,2007/2008
20,Derby County,13,1,3,9,5,31,-26,6,2007/2008
1,Manchester United,13,11,1,1,29,6,23,34,2006/2007
2,Chelsea FC,13,10,1,2,23,7,16,31,2006/2007
3,Arsenal FC,13,7,4,2,21,7,14,25,2006/2007
4,Portsmouth FC,13,7,2,4,19,11,8,23,2006/2007
5,Aston Villa,13,5,7,1,15,9,6,22,2006/2007
6,Bolton Wanderers,13,6,3,4,12,12,0,21,2006/2007
7,Everton FC,13,5,5,3,17,11,6,20,2006/2007
8,Reading FC,13,6,1,6,15,18,-3,19,2006/2007
9,Wigan Athletic,13,5,3,5,16,14,2,18,2006/2007
10,Liverpool FC,13,5,3,5,14,15,-1,18,2006/2007
11,Fulham FC,13,4,5,4,14,19,-5,17,2006/2007
12,Manchester City,13,4,4,5,10,15,-5,16,2006/2007
13,Tottenham Hotspur,13,4,4,5,10,15,-5,16,2006/2007
14,Middlesbrough FC,13,4,3,6,10,16,-6,15,2006/2007
15,Blackburn Rovers,13,3,4,6,11,17,-6,13,2006/2007
16,West Ham United,13,3,2,8,9,16,-7,11,2006/2007
17,Newcastle United,13,2,4,7,8,15,-7,10,2006/2007
18,Sheffield United,13,2,4,7,8,18,-10,10,2006/2007
19,Watford FC,13,1,6,6,10,19,-9,9,2006/2007
20,Charlton Athletic,13,2,2,9,9,20,-11,8,2006/2007
1,Chelsea FC,13,11,1,1,31,7,24,34,2005/2006
2,Manchester United,13,8,3,2,23,12,11,27,2005/2006
3,Wigan Athletic,13,8,1,4,15,12,3,25,2005/2006
4,Arsenal FC,13,7,2,4,19,11,8,23,2005/2006
5,Bolton Wanderers,13,7,2,4,14,12,2,23,2005/2006
6,West Ham United,13,6,4,3,18,12,6,22,2005/2006
7,Liverpool FC,13,6,4,3,13,10,3,22,2005/2006
8,Charlton Athletic,13,7,1,5,19,17,2,22,2005/2006
9,Tottenham Hotspur,13,5,6,2,14,9,5,21,2005/2006
10,Manchester City,13,6,3,4,15,11,4,21,2005/2006
11,Middlesbrough FC,13,5,3,5,18,18,0,18,2005/2006
12,Blackburn Rovers,13,5,3,5,15,15,0,18,2005/2006
13,Newcastle United,13,5,3,5,12,13,-1,18,2005/2006
14,Fulham FC,13,3,3,7,14,19,-5,12,2005/2006
15,Aston Villa,13,3,3,7,13,22,-9,12,2005/2006
16,West Bromwich Albion,13,3,2,8,13,22,-9,11,2005/2006
17,Portsmouth FC,13,2,4,7,11,18,-7,10,2005/2006
18,Everton FC,13,3,1,9,5,18,-13,10,2005/2006
19,Birmingham City,13,2,3,8,8,17,-9,9,2005/2006
20,Sunderland AFC,13,1,2,10,12,27,-15,5,2005/2006
1,Chelsea FC,13,10,2,1,21,4,17,32,2004/2005
2,Arsenal FC,13,9,3,1,37,17,20,30,2004/2005
3,Everton FC,13,8,2,3,15,11,4,26,2004/2005
4,Middlesbrough FC,13,6,4,3,22,16,6,22,2004/2005
5,Bolton Wanderers,13,6,4,3,20,16,4,22,2004/2005
6,Liverpool FC,13,6,3,4,22,14,8,21,2004/2005
7,Aston Villa,13,5,6,2,19,14,5,21,2004/2005
8,Manchester United,13,5,6,2,14,10,4,21,2004/2005
9,Charlton Athletic,13,5,3,5,17,21,-4,18,2004/2005
10,Portsmouth FC,13,4,4,5,17,18,-1,16,2004/2005
11,Newcastle United,13,4,4,5,24,26,-2,16,2004/2005
12,Manchester City,13,3,5,5,14,13,1,14,2004/2005
13,Fulham FC,13,4,2,7,17,24,-7,14,2004/2005
14,Tottenham Hotspur,13,3,4,6,12,16,-4,13,2004/2005
15,Birmingham City,13,2,6,5,8,11,-3,12,2004/2005
16,Crystal Palace,13,3,3,7,15,19,-4,12,2004/2005
17,Southampton FC,13,2,5,6,12,17,-5,11,2004/2005
18,West Bromwich Albion,13,1,6,6,12,24,-12,9,2004/2005
19,Blackburn Rovers,13,1,6,6,11,26,-15,9,2004/2005
20,Norwich City,13,0,8,5,11,23,-12,8,2004/2005
1,Arsenal FC,13,10,3,0,28,10,18,33,2003/2004
2,Chelsea FC,13,10,2,1,27,9,18,32,2003/2004
3,Manchester United,13,10,1,2,25,8,17,31,2003/2004
4,Charlton Athletic,13,6,4,3,20,16,4,22,2003/2004
5,Fulham FC,13,6,3,4,24,18,6,21,2003/2004
6,Birmingham City,13,5,5,3,11,11,0,20,2003/2004
7,Newcastle United,13,5,4,4,19,18,1,19,2003/2004
8,Manchester City,13,5,3,5,22,18,4,18,2003/2004
9,Liverpool FC,13,5,3,5,18,14,4,18,2003/2004
10,Southampton FC,13,4,5,4,10,8,2,17,2003/2004
11,Portsmouth FC,13,4,3,6,17,18,-1,15,2003/2004
12,Tottenham Hotspur,13,4,3,6,13,17,-4,15,2003/2004
13,Middlesbrough FC,13,4,3,6,11,15,-4,15,2003/2004
14,Bolton Wanderers,13,3,6,4,11,19,-8,15,2003/2004
15,Everton FC,13,3,4,6,15,17,-2,13,2003/2004
16,Leicester City,13,3,3,7,20,22,-2,12,2003/2004
17,Blackburn Rovers,13,3,2,8,18,24,-6,11,2003/2004
18,Aston Villa,13,2,5,6,10,17,-7,11,2003/2004
19,Wolverhampton Wanderers,13,2,4,7,8,26,-18,10,2003/2004
20,Leeds United,13,2,2,9,11,33,-22,8,2003/2004
1,Liverpool FC,13,9,3,1,24,10,14,30,2002/2003
2,Arsenal FC,13,9,2,2,28,13,15,29,2002/2003
3,Chelsea FC,13,6,5,2,23,12,11,23,2002/2003
4,Everton FC,13,7,2,4,16,15,1,23,2002/2003
5,Manchester United,13,6,4,3,17,12,5,22,2002/2003
6,Newcastle United,13,7,1,5,19,16,3,22,2002/2003
7,Middlesbrough FC,13,6,3,4,16,10,6,21,2002/2003
8,Blackburn Rovers,13,5,5,3,19,14,5,20,2002/2003
9,Tottenham Hotspur,13,6,2,5,17,18,-1,20,2002/2003
10,Leeds United,13,5,2,6,17,16,1,17,2002/2003
11,Southampton FC,13,4,5,4,13,13,0,17,2002/2003
12,Manchester City,13,5,2,6,14,19,-5,17,2002/2003
13,Fulham FC,13,4,3,6,17,18,-1,15,2002/2003
14,Aston Villa,13,4,3,6,10,12,-2,15,2002/2003
15,Birmingham City,13,4,3,6,14,18,-4,15,2002/2003
16,Sunderland AFC,13,3,4,6,8,16,-8,13,2002/2003
17,Charlton Athletic,13,3,2,8,10,18,-8,11,2002/2003
18,West Ham United,13,3,2,8,13,23,-10,11,2002/2003
19,West Bromwich Albion,13,3,2,8,10,21,-11,11,2002/2003
20,Bolton Wanderers,13,2,3,8,12,23,-11,9,2002/2003
1,Leeds United,13,7,5,1,18,9,9,26,2001/2002
2,Manchester United,13,7,3,3,35,20,15,24,2001/2002
3,Liverpool FC,13,7,3,3,21,13,8,24,2001/2002
4,Newcastle United,13,7,2,4,25,18,7,23,2001/2002
5,Aston Villa,13,6,5,2,18,12,6,23,2001/2002
6,Arsenal FC,13,5,5,3,26,17,9,20,2001/2002
7,Chelsea FC,13,4,7,2,16,12,4,19,2001/2002
8,Bolton Wanderers,13,5,4,4,18,17,1,19,2001/2002
9,Blackburn Rovers,13,4,6,3,21,16,5,18,2001/2002
10,Tottenham Hotspur,13,5,3,5,20,18,2,18,2001/2002
11,Fulham FC,13,4,6,3,15,13,2,18,2001/2002
12,Charlton Athletic,13,4,5,4,17,17,0,17,2001/2002
13,Everton FC,13,4,4,5,20,20,0,16,2001/2002
14,Sunderland AFC,13,4,4,5,12,14,-2,16,2001/2002
15,West Ham United,13,4,4,5,17,26,-9,16,2001/2002
16,Middlesbrough FC,13,4,3,6,16,20,-4,15,2001/2002
17,Southampton FC,13,3,1,9,12,22,-10,10,2001/2002
18,Derby County,13,2,4,7,10,27,-17,10,2001/2002
19,Leicester City,13,2,3,8,7,25,-18,9,2001/2002
20,Ipswich Town,13,1,5,7,14,22,-8,8,2001/2002
1,Manchester United,13,9,3,1,35,10,25,30,2000/2001
2,Arsenal FC,13,8,4,1,23,10,13,28,2000/2001
3,Liverpool FC,13,7,3,3,27,19,8,24,2000/2001
4,Leicester City,13,6,5,2,11,8,3,23,2000/2001
5,Aston Villa,13,6,4,3,17,11,6,22,2000/2001
6,Leeds United,13,6,4,3,22,19,3,22,2000/2001
7,Ipswich Town,13,6,3,4,19,14,5,21,2000/2001
8,Newcastle United,13,6,2,5,14,12,2,20,2000/2001
9,Charlton Athletic,13,5,3,5,19,20,-1,18,2000/2001
10,Chelsea FC,13,4,5,4,25,18,7,17,2000/2001
11,Tottenham Hotspur,13,5,2,6,17,20,-3,17,2000/2001
12,Sunderland AFC,13,4,5,4,12,15,-3,17,2000/2001
13,West Ham United,13,3,6,4,17,15,2,15,2000/2001
14,Everton FC,13,4,3,6,15,20,-5,15,2000/2001
15,Southampton FC,13,3,5,5,17,24,-7,14,2000/2001
16,Manchester City,13,4,2,7,15,24,-9,14,2000/2001
17,Coventry City,13,3,2,8,13,28,-15,11,2000/2001
18,Middlesbrough FC,13,2,4,7,17,21,-4,10,2000/2001
19,Derby County,13,0,7,6,16,28,-12,7,2000/2001
20,Bradford City,13,1,4,8,5,20,-15,7,2000/2001
1,Leeds United,13,9,2,2,26,16,10,29,1999/2000
2,Manchester United,13,8,3,2,31,19,12,27,1999/2000
3,Sunderland AFC,13,8,3,2,23,11,12,27,1999/2000
4,Arsenal FC,13,8,2,3,20,12,8,26,1999/2000
5,Chelsea FC,13,7,2,4,20,11,9,23,1999/2000
6,Leicester City,13,7,2,4,23,17,6,23,1999/2000
7,Liverpool FC,13,6,3,4,16,12,4,21,1999/2000
8,Middlesbrough FC,13,7,0,6,18,17,1,21,1999/2000
9,Tottenham Hotspur,13,6,2,5,21,18,3,20,1999/2000
10,West Ham United,13,6,2,5,14,11,3,20,1999/2000
11,Everton FC,13,5,3,5,22,20,2,18,1999/2000
12,Aston Villa,13,5,3,5,13,15,-2,18,1999/2000
13,Coventry City,13,4,4,5,20,15,5,16,1999/2000
14,Southampton FC,13,3,4,6,19,25,-6,13,1999/2000
15,Wimbledon FC,13,2,7,4,19,27,-8,13,1999/2000
16,Derby County,13,3,3,7,13,22,-9,12,1999/2000
17,Bradford City,13,3,3,7,11,21,-10,12,1999/2000
18,Newcastle United,13,3,2,8,23,27,-4,11,1999/2000
19,Watford FC,13,3,0,10,8,22,-14,9,1999/2000
20,Sheffield Wednesday,13,1,2,10,8,30,-22,5,1999/2000
1,Aston Villa,13,8,4,1,19,8,11,28,1998/1999
2,Manchester United,13,7,5,1,27,12,15,26,1998/1999
3,Arsenal FC,13,6,6,1,14,5,9,24,1998/1999
4,Chelsea FC,13,6,6,1,20,12,8,24,1998/1999
5,Leeds United,13,4,8,1,16,10,6,20,1998/1999
6,West Ham United,13,5,5,3,16,15,1,20,1998/1999
7,Middlesbrough FC,13,4,7,2,21,16,5,19,1998/1999
8,Derby County,13,4,6,3,14,12,2,18,1998/1999
9,Leicester City,13,4,5,4,13,13,0,17,1998/1999
10,Wimbledon FC,13,4,5,4,17,22,-5,17,1998/1999
11,Charlton Athletic,13,3,7,3,20,17,3,16,1998/1999
12,Liverpool FC,13,4,4,5,20,17,3,16,1998/1999
13,Newcastle United,13,4,4,5,16,17,-1,16,1998/1999
14,Tottenham Hotspur,13,4,4,5,16,21,-5,16,1998/1999
15,Coventry City,13,4,2,7,12,18,-6,14,1998/1999
16,Sheffield Wednesday,13,3,3,7,10,13,-3,12,1998/1999
17,Everton FC,13,2,6,5,7,14,-7,12,1998/1999
18,Nottingham Forest,13,2,4,7,10,20,-10,10,1998/1999
19,Blackburn Rovers,13,2,3,8,14,20,-6,9,1998/1999
20,Southampton FC,13,1,4,8,10,30,-20,7,1998/1999
1,Manchester United,13,8,4,1,29,7,22,28,1997/1998
2,Chelsea FC,13,8,1,4,29,15,14,25,1997/1998
3,Arsenal FC,13,6,6,1,27,13,14,24,1997/1998
4,Blackburn Rovers,13,6,6,1,23,11,12,24,1997/1998
5,Liverpool FC,13,6,4,3,22,13,9,22,1997/1998
6,Leicester City,13,6,4,3,19,13,6,22,1997/1998
7,Derby County,13,6,3,4,22,15,7,21,1997/1998
8,Leeds United,13,6,2,5,16,13,3,20,1997/1998
9,West Ham United,13,6,1,6,20,20,0,19,1997/1998
10,Newcastle United,13,5,3,5,12,15,-3,18,1997/1998
11,Wimbledon FC,13,4,4,5,15,15,0,16,1997/1998
12,Coventry City,13,3,7,3,10,14,-4,16,1997/1998
13,Crystal Palace,13,4,3,6,13,18,-5,15,1997/1998
14,Bolton Wanderers,13,3,6,4,11,16,-5,15,1997/1998
15,Aston Villa,13,4,2,7,12,19,-7,14,1997/1998
16,Tottenham Hotspur,13,3,4,6,11,17,-6,13,1997/1998
17,Southampton FC,13,4,1,8,13,20,-7,13,1997/1998
18,Everton FC,13,3,3,7,13,20,-7,12,1997/1998
19,Barnsley FC,13,3,1,9,10,36,-26,10,1997/1998
20,Sheffield Wednesday,13,2,3,8,18,35,-17,9,1997/1998
1,Newcastle United,13,9,1,3,24,14,10,28,1996/1997
2,Liverpool FC,13,8,3,2,23,12,11,27,1996/1997
3,Arsenal FC,13,7,4,2,24,11,13,25,1996/1997
4,Wimbledon FC,13,7,3,3,24,15,9,24,1996/1997
5,Chelsea FC,13,6,5,2,22,18,4,23,1996/1997
6,Manchester United,13,6,4,3,24,19,5,22,1996/1997
7,Everton FC,13,5,5,3,20,14,6,20,1996/1997
8,Tottenham Hotspur,13,6,2,5,14,11,3,20,1996/1997
9,Sheffield Wednesday,13,5,4,4,15,17,-2,19,1996/1997
10,Aston Villa,13,5,3,5,16,14,2,18,1996/1997
11,Derby County,13,4,5,4,14,15,-1,17,1996/1997
12,Leicester City,13,5,2,6,12,16,-4,17,1996/1997
13,West Ham United,13,4,3,6,12,17,-5,15,1996/1997
14,Southampton FC,13,3,4,6,22,24,-2,13,1996/1997
15,Sunderland AFC,13,3,4,6,9,16,-7,13,1996/1997
16,Leeds United,13,4,1,8,11,20,-9,13,1996/1997
17,Middlesbrough FC,13,3,4,6,18,23,-5,10,1996/1997
18,Coventry City,13,1,7,5,7,17,-10,10,1996/1997
19,Blackburn Rovers,13,1,5,7,11,17,-6,8,1996/1997
20,Nottingham Forest,13,1,5,7,10,22,-12,8,1996/1997
1,Newcastle United,13,10,2,1,30,10,20,32,1995/1996
2,Manchester United,13,9,2,2,27,13,14,29,1995/1996
3,Arsenal FC,13,7,3,3,17,8,9,24,1995/1996
4,Aston Villa,13,7,3,3,18,10,8,24,1995/1996
5,Leeds United,13,7,3,3,19,14,5,24,1995/1996
6,Nottingham Forest,13,6,6,1,23,20,3,24,1995/1996
7,Liverpool FC,13,7,2,4,26,12,14,23,1995/1996
8,Middlesbrough FC,13,6,5,2,12,7,5,23,1995/1996
9,Tottenham Hotspur,13,6,4,3,21,17,4,22,1995/1996
10,Blackburn Rovers,13,5,2,6,23,16,7,17,1995/1996
11,West Ham United,13,4,4,5,14,16,-2,16,1995/1996
12,Chelsea FC,13,4,4,5,11,15,-4,16,1995/1996
13,Everton FC,13,4,3,6,15,17,-2,15,1995/1996
14,Sheffield Wednesday,13,3,4,6,10,14,-4,13,1995/1996
15,Southampton FC,13,3,3,7,14,24,-10,12,1995/1996
16,Queens Park Rangers,13,3,2,8,11,20,-9,11,1995/1996
17,Wimbledon FC,13,3,2,8,16,29,-13,11,1995/1996
18,Bolton Wanderers,13,2,2,9,12,26,-14,8,1995/1996
19,Coventry City,13,1,5,7,11,25,-14,8,1995/1996
20,Manchester City,13,1,3,9,5,22,-17,6,1995/1996
1,Newcastle United,13,9,3,1,29,12,17,30,1994/1995
2,Manchester United,13,9,1,3,26,9,17,28,1994/1995
3,Nottingham Forest,13,8,4,1,25,13,12,28,1994/1995
4,Blackburn Rovers,13,8,3,2,26,12,14,27,1994/1995
5,Liverpool FC,13,8,2,3,31,14,17,26,1994/1995
6,Leeds United,13,6,3,4,18,15,3,21,1994/1995
7,Chelsea FC,13,6,2,5,22,17,5,20,1994/1995
8,Norwich City,13,5,5,3,13,12,1,20,1994/1995
9,Arsenal FC,13,5,3,5,18,15,3,18,1994/1995
10,Manchester City,13,5,3,5,21,22,-1,18,1994/1995
11,Tottenham Hotspur,13,5,3,5,21,24,-3,18,1994/1995
12,Crystal Palace,13,4,4,5,12,15,-3,16,1994/1995
13,Southampton FC,13,4,4,5,19,23,-4,16,1994/1995
14,Wimbledon FC,13,4,3,6,13,21,-8,15,1994/1995
15,Coventry City,13,4,3,6,15,24,-9,15,1994/1995
16,West Ham United,13,4,2,7,8,15,-7,14,1994/1995
17,Queens Park Rangers,13,3,4,6,19,23,-4,13,1994/1995
18,Sheffield Wednesday,13,3,4,6,15,22,-7,13,1994/1995
19,Leicester City,13,3,3,7,16,25,-9,12,1994/1995
20,Aston Villa,13,2,4,7,14,22,-8,10,1994/1995
21,Ipswich Town,13,3,1,9,13,24,-11,10,1994/1995
22,Everton FC,13,1,4,8,9,24,-15,7,1994/1995
1,Manchester United,13,11,1,1,27,10,17,34,1993/1994
2,Norwich City,13,6,5,2,21,12,9,23,1993/1994
3,Arsenal FC,13,6,5,2,12,6,6,23,1993/1994
4,Blackburn Rovers,13,6,5,2,18,13,5,23,1993/1994
5,Aston Villa,13,6,5,2,15,10,5,23,1993/1994
6,Leeds United,13,6,4,3,20,16,4,22,1993/1994
7,Liverpool FC,13,6,2,5,20,12,8,20,1993/1994
8,Queens Park Rangers,13,6,2,5,24,21,3,20,1993/1994
9,Newcastle United,13,5,4,4,21,14,7,19,1993/1994
10,Tottenham Hotspur,13,5,4,4,19,14,5,19,1993/1994
11,Everton FC,13,6,1,6,16,16,0,19,1993/1994
12,Wimbledon FC,13,4,5,4,13,19,-6,17,1993/1994
13,Coventry City,13,3,7,3,14,16,-2,16,1993/1994
14,Ipswich Town,13,4,4,5,12,16,-4,16,1993/1994
15,West Ham United,13,4,4,5,9,14,-5,16,1993/1994
16,Manchester City,13,3,5,5,12,13,-1,14,1993/1994
17,Chelsea FC,13,3,4,6,10,12,-2,13,1993/1994
18,Sheffield United,13,2,6,5,16,21,-5,12,1993/1994
19,Oldham Athletic,13,2,5,6,9,19,-10,11,1993/1994
20,Sheffield Wednesday,13,1,7,5,17,23,-6,10,1993/1994
21,Southampton FC,13,2,2,9,15,24,-9,8,1993/1994
22,Swindon Town,13,0,5,8,11,30,-19,5,1993/1994
1,Blackburn Rovers,13,7,5,1,24,9,15,26,1992/1993
2,Norwich City,13,8,2,3,23,24,-1,26,1992/1993
3,Queens Park Rangers,13,6,5,2,20,13,7,23,1992/1993
4,Arsenal FC,13,7,2,4,17,12,5,23,1992/1993
5,Coventry City,13,6,4,3,16,13,3,22,1992/1993
6,Aston Villa,13,5,6,2,21,15,6,21,1992/1993
7,Manchester United,13,5,6,2,14,10,4,21,1992/1993
8,Chelsea FC,13,5,4,4,18,16,2,19,1992/1993
9,Middlesbrough FC,13,4,5,4,22,18,4,17,1992/1993
10,Leeds United,13,4,5,4,23,21,2,17,1992/1993
11,Ipswich Town,13,3,8,2,19,18,1,17,1992/1993
12,Manchester City,13,4,4,5,14,13,1,16,1992/1993
13,Liverpool FC,13,4,4,5,20,21,-1,16,1992/1993
14,Sheffield Wednesday,13,4,4,5,16,17,-1,16,1992/1993
15,Oldham Athletic,13,3,6,4,21,22,-1,15,1992/1993
16,Everton FC,13,3,4,6,11,16,-5,13,1992/1993
17,Sheffield United,13,3,4,6,12,18,-6,13,1992/1993
18,Tottenham Hotspur,13,2,6,5,12,22,-10,12,1992/1993
19,Crystal Palace,13,1,8,4,17,21,-4,11,1992/1993
20,Wimbledon FC,13,2,5,6,17,21,-4,11,1992/1993
21,Southampton FC,13,2,5,6,11,17,-6,11,1992/1993
22,Nottingham Forest,13,2,4,7,11,22,-11,10,1992/1993
1,Manchester City,38,32,2,4,95,23,72,98,2018/2019
2,Liverpool FC,38,30,7,1,89,22,67,97,2018/2019
3,Chelsea FC,38,21,9,8,63,39,24,72,2018/2019
4,Tottenham Hotspur,38,23,2,13,67,39,28,71,2018/2019
5,Arsenal FC,38,21,7,10,73,51,22,70,2018/2019
6,Manchester United,38,19,9,10,65,54,11,66,2018/2019
7,Wolverhampton Wanderers,38,16,9,13,47,46,1,57,2018/2019
8,Everton FC,38,15,9,14,54,46,8,54,2018/2019
9,Leicester City,38,15,7,16,51,48,3,52,2018/2019
10,West Ham United,38,15,7,16,52,55,-3,52,2018/2019
11,Watford FC,38,14,8,16,52,59,-7,50,2018/2019
12,Crystal Palace,38,14,7,17,51,53,-2,49,2018/2019
13,Newcastle United,38,12,9,17,42,48,-6,45,2018/2019
14,AFC Bournemouth,38,13,6,19,56,70,-14,45,2018/2019
15,Burnley FC,38,11,7,20,45,68,-23,40,2018/2019
16,Southampton FC,38,9,12,17,45,65,-20,39,2018/2019
17,Brighton & Hove Albion,38,9,9,20,35,60,-25,36,2018/2019
18,Cardiff City,38,10,4,24,34,69,-35,34,2018/2019
19,Fulham FC,38,7,5,26,34,81,-47,26,2018/2019
20,Huddersfield Town,38,3,7,28,22,76,-54,16,2018/2019
1,Manchester City,38,32,4,2,106,27,79,100,2017/2018
2,Manchester United,38,25,6,7,68,28,40,81,2017/2018
3,Tottenham Hotspur,38,23,8,7,74,36,38,77,2017/2018
4,Liverpool FC,38,21,12,5,84,38,46,75,2017/2018
5,Chelsea FC,38,21,7,10,62,38,24,70,2017/2018
6,Arsenal FC,38,19,6,13,74,51,23,63,2017/2018
7,Burnley FC,38,14,12,12,36,39,-3,54,2017/2018
8,Everton FC,38,13,10,15,44,58,-14,49,2017/2018
9,Leicester City,38,12,11,15,56,60,-4,47,2017/2018
10,Newcastle United,38,12,8,18,39,47,-8,44,2017/2018
11,Crystal Palace,38,11,11,16,45,55,-10,44,2017/2018
12,AFC Bournemouth,38,11,11,16,45,61,-16,44,2017/2018
13,West Ham United,38,10,12,16,48,68,-20,42,2017/2018
14,Watford FC,38,11,8,19,44,64,-20,41,2017/2018
15,Brighton & Hove Albion,38,9,13,16,34,54,-20,40,2017/2018
16,Huddersfield Town,38,9,10,19,28,58,-30,37,2017/2018
17,Southampton FC,38,7,15,16,37,56,-19,36,2017/2018
18,Swansea City,38,8,9,21,28,56,-28,33,2017/2018
19,Stoke City,38,7,12,19,35,68,-33,33,2017/2018
20,West Bromwich Albion,38,6,13,19,31,56,-25,31,2017/2018
1,Chelsea FC,38,30,3,5,85,33,52,93,2016/2017
2,Tottenham Hotspur,38,26,8,4,86,26,60,86,2016/2017
3,Manchester City,38,23,9,6,80,39,41,78,2016/2017
4,Liverpool FC,38,22,10,6,78,42,36,76,2016/2017
5,Arsenal FC,38,23,6,9,77,44,33,75,2016/2017
6,Manchester United,38,18,15,5,54,29,25,69,2016/2017
7,Everton FC,38,17,10,11,62,44,18,61,2016/2017
8,Southampton FC,38,12,10,16,41,48,-7,46,2016/2017
9,AFC Bournemouth,38,12,10,16,55,67,-12,46,2016/2017
10,West Bromwich Albion,38,12,9,17,43,51,-8,45,2016/2017
11,West Ham United,38,12,9,17,47,64,-17,45,2016/2017
12,Leicester City,38,12,8,18,48,63,-15,44,2016/2017
13,Stoke City,38,11,11,16,41,56,-15,44,2016/2017
14,Crystal Palace,38,12,5,21,50,63,-13,41,2016/2017
15,Swansea City,38,12,5,21,45,70,-25,41,2016/2017
16,Burnley FC,38,11,7,20,39,55,-16,40,2016/2017
17,Watford FC,38,11,7,20,40,68,-28,40,2016/2017
18,Hull City,38,9,7,22,37,80,-43,34,2016/2017
19,Middlesbrough FC,38,5,13,20,27,53,-26,28,2016/2017
20,Sunderland AFC,38,6,6,26,29,69,-40,24,2016/2017
1,Leicester City,38,23,12,3,68,36,32,81,2015/2016
2,Arsenal FC,38,20,11,7,65,36,29,71,2015/2016
3,Tottenham Hotspur,38,19,13,6,69,35,34,70,2015/2016
4,Manchester City,38,19,9,10,71,41,30,66,2015/2016
5,Manchester United,38,19,9,10,49,35,14,66,2015/2016
6,Southampton FC,38,18,9,11,59,41,18,63,2015/2016
7,West Ham United,38,16,14,8,65,51,14,62,2015/2016
8,Liverpool FC,38,16,12,10,63,50,13,60,2015/2016
9,Stoke City,38,14,9,15,41,55,-14,51,2015/2016
10,Chelsea FC,38,12,14,12,59,53,6,50,2015/2016
11,Everton FC,38,11,14,13,59,55,4,47,2015/2016
12,Swansea City,38,12,11,15,42,52,-10,47,2015/2016
13,Watford FC,38,12,9,17,40,50,-10,45,2015/2016
14,West Bromwich Albion,38,10,13,15,34,48,-14,43,2015/2016
15,Crystal Palace,38,11,9,18,39,51,-12,42,2015/2016
16,AFC Bournemouth,38,11,9,18,45,67,-22,42,2015/2016
17,Sunderland AFC,38,9,12,17,48,62,-14,39,2015/2016
18,Newcastle United,38,9,10,19,44,65,-21,37,2015/2016
19,Norwich City,38,9,7,22,39,67,-28,34,2015/2016
20,Aston Villa,38,3,8,27,27,76,-49,17,2015/2016
1,Chelsea FC,38,26,9,3,73,32,41,87,2014/2015
2,Manchester City,38,24,7,7,83,38,45,79,2014/2015
3,Arsenal FC,38,22,9,7,71,36,35,75,2014/2015
4,Manchester United,38,20,10,8,62,37,25,70,2014/2015
5,Tottenham Hotspur,38,19,7,12,58,53,5,64,2014/2015
6,Liverpool FC,38,18,8,12,52,48,4,62,2014/2015
7,Southampton FC,38,18,6,14,54,33,21,60,2014/2015
8,Swansea City,38,16,8,14,46,49,-3,56,2014/2015
9,Stoke City,38,15,9,14,48,45,3,54,2014/2015
10,Crystal Palace,38,13,9,16,47,51,-4,48,2014/2015
11,Everton FC,38,12,11,15,48,50,-2,47,2014/2015
12,West Ham United,38,12,11,15,44,47,-3,47,2014/2015
13,West Bromwich Albion,38,11,11,16,38,51,-13,44,2014/2015
14,Leicester City,38,11,8,19,46,55,-9,41,2014/2015
15,Newcastle United,38,10,9,19,40,63,-23,39,2014/2015
16,Sunderland AFC,38,7,17,14,31,53,-22,38,2014/2015
17,Aston Villa,38,10,8,20,31,57,-26,38,2014/2015
18,Hull City,38,8,11,19,33,51,-18,35,2014/2015
19,Burnley FC,38,7,12,19,28,53,-25,33,2014/2015
20,Queens Park Rangers,38,8,6,24,42,73,-31,30,2014/2015
1,Manchester City,38,27,5,6,102,37,65,86,2013/2014
2,Liverpool FC,38,26,6,6,101,50,51,84,2013/2014
3,Chelsea FC,38,25,7,6,71,27,44,82,2013/2014
4,Arsenal FC,38,24,7,7,68,41,27,79,2013/2014
5,Everton FC,38,21,9,8,61,39,22,72,2013/2014
6,Tottenham Hotspur,38,21,6,11,55,51,4,69,2013/2014
7,Manchester United,38,19,7,12,64,43,21,64,2013/2014
8,Southampton FC,38,15,11,12,54,46,8,56,2013/2014
9,Stoke City,38,13,11,14,45,52,-7,50,2013/2014
10,Newcastle United,38,15,4,19,43,59,-16,49,2013/2014
11,Crystal Palace,38,13,6,19,33,48,-15,45,2013/2014
12,Swansea City,38,11,9,18,54,54,0,42,2013/2014
13,West Ham United,38,11,7,20,40,51,-11,40,2013/2014
14,Sunderland AFC,38,10,8,20,41,60,-19,38,2013/2014
15,Aston Villa,38,10,8,20,39,61,-22,38,2013/2014
16,Hull City,38,10,7,21,38,53,-15,37,2013/2014
17,West Bromwich Albion,38,7,15,16,43,59,-16,36,2013/2014
18,Norwich City,38,8,9,21,28,62,-34,33,2013/2014
19,Fulham FC,38,9,5,24,40,85,-45,32,2013/2014
20,Cardiff City,38,7,9,22,32,74,-42,30,2013/2014
1,Manchester United,38,28,5,5,86,43,43,89,2012/2013
2,Manchester City,38,23,9,6,66,34,32,78,2012/2013
3,Chelsea FC,38,22,9,7,75,39,36,75,2012/2013
4,Arsenal FC,38,21,10,7,72,37,35,73,2012/2013
5,Tottenham Hotspur,38,21,9,8,66,46,20,72,2012/2013
6,Everton FC,38,16,15,7,55,40,15,63,2012/2013
7,Liverpool FC,38,16,13,9,71,43,28,61,2012/2013
8,West Bromwich Albion,38,14,7,17,53,57,-4,49,2012/2013
9,Swansea City,38,11,13,14,47,51,-4,46,2012/2013
10,West Ham United,38,12,10,16,45,53,-8,46,2012/2013
11,Norwich City,38,10,14,14,41,58,-17,44,2012/2013
12,Fulham FC,38,11,10,17,50,60,-10,43,2012/2013
13,Stoke City,38,9,15,14,34,45,-11,42,2012/2013
14,Southampton FC,38,9,14,15,49,60,-11,41,2012/2013
15,Aston Villa,38,10,11,17,47,69,-22,41,2012/2013
16,Newcastle United,38,11,8,19,45,68,-23,41,2012/2013
17,Sunderland AFC,38,9,12,17,41,54,-13,39,2012/2013
18,Wigan Athletic,38,9,9,20,47,73,-26,36,2012/2013
19,Reading FC,38,6,10,22,43,73,-30,28,2012/2013
20,Queens Park Rangers,38,4,13,21,30,60,-30,25,2012/2013
1,Manchester City,38,28,5,5,93,29,64,89,2011/2012
2,Manchester United,38,28,5,5,89,33,56,89,2011/2012
3,Arsenal FC,38,21,7,10,74,49,25,70,2011/2012
4,Tottenham Hotspur,38,20,9,9,66,41,25,69,2011/2012
5,Newcastle United,38,19,8,11,56,51,5,65,2011/2012
6,Chelsea FC,38,18,10,10,65,46,19,64,2011/2012
7,Everton FC,38,15,11,12,50,40,10,56,2011/2012
8,Liverpool FC,38,14,10,14,47,40,7,52,2011/2012
9,Fulham FC,38,14,10,14,48,51,-3,52,2011/2012
10,West Bromwich Albion,38,13,8,17,45,52,-7,47,2011/2012
11,Swansea City,38,12,11,15,44,51,-7,47,2011/2012
12,Norwich City,38,12,11,15,52,66,-14,47,2011/2012
13,Sunderland AFC,38,11,12,15,45,46,-1,45,2011/2012
14,Stoke City,38,11,12,15,36,53,-17,45,2011/2012
15,Wigan Athletic,38,11,10,17,42,62,-20,43,2011/2012
16,Aston Villa,38,7,17,14,37,53,-16,38,2011/2012
17,Queens Park Rangers,38,10,7,21,43,66,-23,37,2011/2012
18,Bolton Wanderers,38,10,6,22,46,77,-31,36,2011/2012
19,Blackburn Rovers,38,8,7,23,48,78,-30,31,2011/2012
20,Wolverhampton Wanderers,38,5,10,23,40,82,-42,25,2011/2012
1,Manchester United,38,23,11,4,78,37,41,80,2010/2011
2,Chelsea FC,38,21,8,9,69,33,36,71,2010/2011
3,Manchester City,38,21,8,9,60,33,27,71,2010/2011
4,Arsenal FC,38,19,11,8,72,43,29,68,2010/2011
5,Tottenham Hotspur,38,16,14,8,55,46,9,62,2010/2011
6,Liverpool FC,38,17,7,14,59,44,15,58,2010/2011
7,Everton FC,38,13,15,10,51,45,6,54,2010/2011
8,Fulham FC,38,11,16,11,49,43,6,49,2010/2011
9,Aston Villa,38,12,12,14,48,59,-11,48,2010/2011
10,Sunderland AFC,38,12,11,15,45,56,-11,47,2010/2011
11,West Bromwich Albion,38,12,11,15,56,71,-15,47,2010/2011
12,Newcastle United,38,11,13,14,56,57,-1,46,2010/2011
13,Stoke City,38,13,7,18,46,48,-2,46,2010/2011
14,Bolton Wanderers,38,12,10,16,52,56,-4,46,2010/2011
15,Blackburn Rovers,38,11,10,17,46,59,-13,43,2010/2011
16,Wigan Athletic,38,9,15,14,40,61,-21,42,2010/2011
17,Wolverhampton Wanderers,38,11,7,20,46,66,-20,40,2010/2011
18,Birmingham City,38,8,15,15,37,58,-21,39,2010/2011
19,Blackpool FC,38,10,9,19,55,78,-23,39,2010/2011
20,West Ham United,38,7,12,19,43,70,-27,33,2010/2011
1,Chelsea FC,38,27,5,6,103,32,71,86,2009/2010
2,Manchester United,38,27,4,7,86,28,58,85,2009/2010
3,Arsenal FC,38,23,6,9,83,41,42,75,2009/2010
4,Tottenham Hotspur,38,21,7,10,67,41,26,70,2009/2010
5,Manchester City,38,18,13,7,73,45,28,67,2009/2010
6,Aston Villa,38,17,13,8,52,39,13,64,2009/2010
7,Liverpool FC,38,18,9,11,61,35,26,63,2009/2010
8,Everton FC,38,16,13,9,60,49,11,61,2009/2010
9,Birmingham City,38,13,11,14,38,47,-9,50,2009/2010
10,Blackburn Rovers,38,13,11,14,41,55,-14,50,2009/2010
11,Stoke City,38,11,14,13,34,48,-14,47,2009/2010
12,Fulham FC,38,12,10,16,39,46,-7,46,2009/2010
13,Sunderland AFC,38,11,11,16,48,56,-8,44,2009/2010
14,Bolton Wanderers,38,10,9,19,42,67,-25,39,2009/2010
15,Wolverhampton Wanderers,38,9,11,18,32,56,-24,38,2009/2010
16,Wigan Athletic,38,9,9,20,37,79,-42,36,2009/2010
17,West Ham United,38,8,11,19,47,66,-19,35,2009/2010
18,Burnley FC,38,8,6,24,42,82,-40,30,2009/2010
19,Hull City,38,6,12,20,34,75,-41,30,2009/2010
20,Portsmouth FC,38,7,7,24,34,66,-32,19,2009/2010
1,Manchester United,38,28,6,4,68,24,44,90,2008/2009
2,Liverpool FC,38,25,11,2,77,27,50,86,2008/2009
3,Chelsea FC,38,25,8,5,68,24,44,83,2008/2009
4,Arsenal FC,38,20,12,6,68,37,31,72,2008/2009
5,Everton FC,38,17,12,9,55,37,18,63,2008/2009
6,Aston Villa,38,17,11,10,54,48,6,62,2008/2009
7,Fulham FC,38,14,11,13,39,34,5,53,2008/2009
8,Tottenham Hotspur,38,14,9,15,45,45,0,51,2008/2009
9,West Ham United,38,14,9,15,42,45,-3,51,2008/2009
10,Manchester City,38,15,5,18,58,50,8,50,2008/2009
11,Wigan Athletic,38,12,9,17,34,45,-11,45,2008/2009
12,Stoke City,38,12,9,17,38,55,-17,45,2008/2009
13,Bolton Wanderers,38,11,8,19,41,53,-12,41,2008/2009
14,Portsmouth FC,38,10,11,17,38,57,-19,41,2008/2009
15,Blackburn Rovers,38,10,11,17,40,60,-20,41,2008/2009
16,Sunderland AFC,38,9,9,20,34,54,-20,36,2008/2009
17,Hull City,38,8,11,19,39,64,-25,35,2008/2009
18,Newcastle United,38,7,13,18,40,59,-19,34,2008/2009
19,Middlesbrough FC,38,7,11,20,28,57,-29,32,2008/2009
20,West Bromwich Albion,38,8,8,22,36,67,-31,32,2008/2009
1,Manchester United,38,27,6,5,80,22,58,87,2007/2008
2,Chelsea FC,38,25,10,3,65,26,39,85,2007/2008
3,Arsenal FC,38,24,11,3,74,31,43,83,2007/2008
4,Liverpool FC,38,21,13,4,67,28,39,76,2007/2008
5,Everton FC,38,19,8,11,55,33,22,65,2007/2008
6,Aston Villa,38,16,12,10,71,51,20,60,2007/2008
7,Blackburn Rovers,38,15,13,10,50,48,2,58,2007/2008
8,Portsmouth FC,38,16,9,13,48,40,8,57,2007/2008
9,Manchester City,38,15,10,13,45,53,-8,55,2007/2008
10,West Ham United,38,13,10,15,42,50,-8,49,2007/2008
11,Tottenham Hotspur,38,11,13,14,66,61,5,46,2007/2008
12,Newcastle United,38,11,10,17,45,65,-20,43,2007/2008
13,Middlesbrough FC,38,10,12,16,43,53,-10,42,2007/2008
14,Wigan Athletic,38,10,10,18,34,51,-17,40,2007/2008
15,Sunderland AFC,38,11,6,21,36,59,-23,39,2007/2008
16,Bolton Wanderers,38,9,10,19,36,54,-18,37,2007/2008
17,Fulham FC,38,8,12,18,38,60,-22,36,2007/2008
18,Reading FC,38,10,6,22,41,66,-25,36,2007/2008
19,Birmingham City,38,8,11,19,46,62,-16,35,2007/2008
20,Derby County,38,1,8,29,20,89,-69,11,2007/2008
1,Manchester United,38,28,5,5,83,27,56,89,2006/2007
2,Chelsea FC,38,24,11,3,64,24,40,83,2006/2007
3,Liverpool FC,38,20,8,10,57,27,30,68,2006/2007
4,Arsenal FC,38,19,11,8,63,35,28,68,2006/2007
5,Tottenham Hotspur,38,17,9,12,57,54,3,60,2006/2007
6,Everton FC,38,15,13,10,52,36,16,58,2006/2007
7,Bolton Wanderers,38,16,8,14,47,52,-5,56,2006/2007
8,Reading FC,38,16,7,15,52,47,5,55,2006/2007
9,Portsmouth FC,38,14,12,12,45,42,3,54,2006/2007
10,Blackburn Rovers,38,15,7,16,52,54,-2,52,2006/2007
11,Aston Villa,38,11,17,10,43,41,2,50,2006/2007
12,Middlesbrough FC,38,12,10,16,44,49,-5,46,2006/2007
13,Newcastle United,38,11,10,17,38,47,-9,43,2006/2007
14,Manchester City,38,11,9,18,29,44,-15,42,2006/2007
15,West Ham United,38,12,5,21,35,59,-24,41,2006/2007
16,Fulham FC,38,8,15,15,38,60,-22,39,2006/2007
17,Wigan Athletic,38,10,8,20,37,59,-22,38,2006/2007
18,Sheffield United,38,10,8,20,32,55,-23,38,2006/2007
19,Charlton Athletic,38,8,10,20,34,60,-26,34,2006/2007
20,Watford FC,38,5,13,20,29,59,-30,28,2006/2007
1,Chelsea FC,38,29,4,5,72,22,50,91,2005/2006
2,Manchester United,38,25,8,5,72,34,38,83,2005/2006
3,Liverpool FC,38,25,7,6,57,25,32,82,2005/2006
4,Arsenal FC,38,20,7,11,68,31,37,67,2005/2006
5,Tottenham Hotspur,38,18,11,9,53,38,15,65,2005/2006
6,Blackburn Rovers,38,19,6,13,51,42,9,63,2005/2006
7,Newcastle United,38,17,7,14,47,42,5,58,2005/2006
8,Bolton Wanderers,38,15,11,12,49,41,8,56,2005/2006
9,West Ham United,38,16,7,15,52,55,-3,55,2005/2006
10,Wigan Athletic,38,15,6,17,45,52,-7,51,2005/2006
11,Everton FC,38,14,8,16,34,49,-15,50,2005/2006
12,Fulham FC,38,14,6,18,48,58,-10,48,2005/2006
13,Charlton Athletic,38,13,8,17,41,55,-14,47,2005/2006
14,Middlesbrough FC,38,12,9,17,48,58,-10,45,2005/2006
15,Manchester City,38,13,4,21,43,48,-5,43,2005/2006
16,Aston Villa,38,10,12,16,42,55,-13,42,2005/2006
17,Portsmouth FC,38,10,8,20,37,62,-25,38,2005/2006
18,Birmingham City,38,8,10,20,28,50,-22,34,2005/2006
19,West Bromwich Albion,38,7,9,22,31,58,-27,30,2005/2006
20,Sunderland AFC,38,3,6,29,26,69,-43,15,2005/2006
1,Chelsea FC,38,29,8,1,72,15,57,95,2004/2005
2,Arsenal FC,38,25,8,5,87,36,51,83,2004/2005
3,Manchester United,38,22,11,5,58,26,32,77,2004/2005
4,Everton FC,38,18,7,13,45,46,-1,61,2004/2005
5,Liverpool FC,38,17,7,14,52,41,11,58,2004/2005
6,Bolton Wanderers,38,16,10,12,49,44,5,58,2004/2005
7,Middlesbrough FC,38,14,13,11,53,46,7,55,2004/2005
8,Manchester City,38,13,13,12,47,39,8,52,2004/2005
9,Tottenham Hotspur,38,14,10,14,47,41,6,52,2004/2005
10,Aston Villa,38,12,11,15,45,52,-7,47,2004/2005
11,Charlton Athletic,38,12,10,16,42,58,-16,46,2004/2005
12,Birmingham City,38,11,12,15,40,46,-6,45,2004/2005
13,Fulham FC,38,12,8,18,52,60,-8,44,2004/2005
14,Newcastle United,38,10,14,14,47,57,-10,44,2004/2005
15,Blackburn Rovers,38,9,15,14,32,43,-11,42,2004/2005
16,Portsmouth FC,38,10,9,19,43,59,-16,39,2004/2005
17,West Bromwich Albion,38,6,16,16,36,61,-25,34,2004/2005
18,Crystal Palace,38,7,12,19,41,62,-21,33,2004/2005
19,Norwich City,38,7,12,19,42,77,-35,33,2004/2005
20,Southampton FC,38,6,14,18,45,66,-21,32,2004/2005
1,Arsenal FC,38,26,12,0,73,26,47,90,2003/2004
2,Chelsea FC,38,24,7,7,67,30,37,79,2003/2004
3,Manchester United,38,23,6,9,64,35,29,75,2003/2004
4,Liverpool FC,38,16,12,10,55,37,18,60,2003/2004
5,Newcastle United,38,13,17,8,52,40,12,56,2003/2004
6,Aston Villa,38,15,11,12,48,44,4,56,2003/2004
7,Charlton Athletic,38,14,11,13,51,51,0,53,2003/2004
8,Bolton Wanderers,38,14,11,13,48,56,-8,53,2003/2004
9,Fulham FC,38,14,10,14,52,46,6,52,2003/2004
10,Birmingham City,38,12,14,12,43,48,-5,50,2003/2004
11,Middlesbrough FC,38,13,9,16,44,52,-8,48,2003/2004
12,Southampton FC,38,12,11,15,44,45,-1,47,2003/2004
13,Portsmouth FC,38,12,9,17,47,54,-7,45,2003/2004
14,Tottenham Hotspur,38,13,6,19,47,57,-10,45,2003/2004
15,Blackburn Rovers,38,12,8,18,51,59,-8,44,2003/2004
16,Manchester City,38,9,14,15,55,54,1,41,2003/2004
17,Everton FC,38,9,12,17,45,57,-12,39,2003/2004
18,Leicester City,38,6,15,17,48,65,-17,33,2003/2004
19,Leeds United,38,8,9,21,40,79,-39,33,2003/2004
20,Wolverhampton Wanderers,38,7,12,19,38,77,-39,33,2003/2004
1,Manchester United,38,25,8,5,74,34,40,83,2002/2003
2,Arsenal FC,38,23,9,6,85,42,43,78,2002/2003
3,Newcastle United,38,21,6,11,63,48,15,69,2002/2003
4,Chelsea FC,38,19,10,9,68,38,30,67,2002/2003
5,Liverpool FC,38,18,10,10,61,41,20,64,2002/2003
6,Blackburn Rovers,38,16,12,10,52,43,9,60,2002/2003
7,Everton FC,38,17,8,13,48,49,-1,59,2002/2003
8,Southampton FC,38,13,13,12,43,46,-3,52,2002/2003
9,Manchester City,38,15,6,17,47,54,-7,51,2002/2003
10,Tottenham Hotspur,38,14,8,16,51,62,-11,50,2002/2003
11,Middlesbrough FC,38,13,10,15,48,44,4,49,2002/2003
12,Charlton Athletic,38,14,7,17,45,56,-11,49,2002/2003
13,Birmingham City,38,13,9,16,41,49,-8,48,2002/2003
14,Fulham FC,38,13,9,16,41,50,-9,48,2002/2003
15,Leeds United,38,14,5,19,58,57,1,47,2002/2003
16,Aston Villa,38,12,9,17,42,47,-5,45,2002/2003
17,Bolton Wanderers,38,10,14,14,41,51,-10,44,2002/2003
18,West Ham United,38,10,12,16,42,59,-17,42,2002/2003
19,West Bromwich Albion,38,6,8,24,29,65,-36,26,2002/2003
20,Sunderland AFC,38,4,7,27,21,65,-44,19,2002/2003
1,Arsenal FC,38,26,9,3,79,36,43,87,2001/2002
2,Liverpool FC,38,24,8,6,67,30,37,80,2001/2002
3,Manchester United,38,24,5,9,87,45,42,77,2001/2002
4,Newcastle United,38,21,8,9,74,52,22,71,2001/2002
5,Leeds United,38,18,12,8,53,37,16,66,2001/2002
6,Chelsea FC,38,17,13,8,66,38,28,64,2001/2002
7,West Ham United,38,15,8,15,48,57,-9,53,2001/2002
8,Aston Villa,38,12,14,12,46,47,-1,50,2001/2002
9,Tottenham Hotspur,38,14,8,16,49,53,-4,50,2001/2002
10,Blackburn Rovers,38,12,10,16,55,51,4,46,2001/2002
11,Southampton FC,38,12,9,17,46,54,-8,45,2001/2002
12,Middlesbrough FC,38,12,9,17,35,47,-12,45,2001/2002
13,Fulham FC,38,10,14,14,36,44,-8,44,2001/2002
14,Charlton Athletic,38,10,14,14,38,49,-11,44,2001/2002
15,Everton FC,38,11,10,17,45,57,-12,43,2001/2002
16,Bolton Wanderers,38,9,13,16,44,62,-18,40,2001/2002
17,Sunderland AFC,38,10,10,18,29,51,-22,40,2001/2002
18,Ipswich Town,38,9,9,20,41,64,-23,36,2001/2002
19,Derby County,38,8,6,24,33,63,-30,30,2001/2002
20,Leicester City,38,5,13,20,30,64,-34,28,2001/2002
1,Manchester United,38,24,8,6,79,31,48,80,2000/2001
2,Arsenal FC,38,20,10,8,63,38,25,70,2000/2001
3,Liverpool FC,38,20,9,9,71,39,32,69,2000/2001
4,Leeds United,38,20,8,10,64,43,21,68,2000/2001
5,Ipswich Town,38,20,6,12,57,42,15,66,2000/2001
6,Chelsea FC,38,17,10,11,68,45,23,61,2000/2001
7,Sunderland AFC,38,15,12,11,46,41,5,57,2000/2001
8,Aston Villa,38,13,15,10,46,43,3,54,2000/2001
9,Charlton Athletic,38,14,10,14,50,57,-7,52,2000/2001
10,Southampton FC,38,14,10,14,40,48,-8,52,2000/2001
11,Newcastle United,38,14,9,15,44,50,-6,51,2000/2001
12,Tottenham Hotspur,38,13,10,15,47,54,-7,49,2000/2001
13,Leicester City,38,14,6,18,39,51,-12,48,2000/2001
14,Middlesbrough FC,38,9,15,14,44,44,0,42,2000/2001
15,West Ham United,38,10,12,16,45,50,-5,42,2000/2001
16,Everton FC,38,11,9,18,45,59,-14,42,2000/2001
17,Derby County,38,10,12,16,37,59,-22,42,2000/2001
18,Manchester City,38,8,10,20,41,65,-24,34,2000/2001
19,Coventry City,38,8,10,20,36,63,-27,34,2000/2001
20,Bradford City,38,5,11,22,30,70,-40,26,2000/2001
1,Manchester United,38,28,7,3,97,45,52,91,1999/2000
2,Arsenal FC,38,22,7,9,73,43,30,73,1999/2000
3,Leeds United,38,21,6,11,58,43,15,69,1999/2000
4,Liverpool FC,38,19,10,9,51,30,21,67,1999/2000
5,Chelsea FC,38,18,11,9,53,34,19,65,1999/2000
6,Aston Villa,38,15,13,10,46,35,11,58,1999/2000
7,Sunderland AFC,38,16,10,12,57,56,1,58,1999/2000
8,Leicester City,38,16,7,15,55,55,0,55,1999/2000
9,West Ham United,38,15,10,13,52,53,-1,55,1999/2000
10,Tottenham Hotspur,38,15,8,15,57,49,8,53,1999/2000
11,Newcastle United,38,14,10,14,63,54,9,52,1999/2000
12,Middlesbrough FC,38,14,10,14,46,52,-6,52,1999/2000
13,Everton FC,38,12,14,12,59,49,10,50,1999/2000
14,Coventry City,38,12,8,18,47,54,-7,44,1999/2000
15,Southampton FC,38,12,8,18,45,62,-17,44,1999/2000
16,Derby County,38,9,11,18,44,57,-13,38,1999/2000
17,Bradford City,38,9,9,20,38,68,-30,36,1999/2000
18,Wimbledon FC,38,7,12,19,46,74,-28,33,1999/2000
19,Sheffield Wednesday,38,8,7,23,38,70,-32,31,1999/2000
20,Watford FC,38,6,6,26,35,77,-42,24,1999/2000
1,Manchester United,38,22,13,3,80,37,43,79,1998/1999
2,Arsenal FC,38,22,12,4,59,17,42,78,1998/1999
3,Chelsea FC,38,20,15,3,57,30,27,75,1998/1999
4,Leeds United,38,18,13,7,62,34,28,67,1998/1999
5,West Ham United,38,16,9,13,46,53,-7,57,1998/1999
6,Aston Villa,38,15,10,13,51,46,5,55,1998/1999
7,Liverpool FC,38,15,9,14,68,49,19,54,1998/1999
8,Derby County,38,13,13,12,40,45,-5,52,1998/1999
9,Middlesbrough FC,38,12,15,11,48,54,-6,51,1998/1999
10,Leicester City,38,12,13,13,40,46,-6,49,1998/1999
11,Tottenham Hotspur,38,11,14,13,47,50,-3,47,1998/1999
12,Sheffield Wednesday,38,13,7,18,41,42,-1,46,1998/1999
13,Newcastle United,38,11,13,14,48,54,-6,46,1998/1999
14,Everton FC,38,11,10,17,42,47,-5,43,1998/1999
15,Coventry City,38,11,9,18,39,51,-12,42,1998/1999
16,Wimbledon FC,38,10,12,16,40,63,-23,42,1998/1999
17,Southampton FC,38,11,8,19,37,64,-27,41,1998/1999
18,Charlton Athletic,38,8,12,18,41,56,-15,36,1998/1999
19,Blackburn Rovers,38,7,14,17,38,52,-14,35,1998/1999
20,Nottingham Forest,38,7,9,22,35,69,-34,30,1998/1999
1,Arsenal FC,38,23,9,6,68,33,35,78,1997/1998
2,Manchester United,38,23,8,7,73,26,47,77,1997/1998
3,Liverpool FC,38,18,11,9,68,42,26,65,1997/1998
4,Chelsea FC,38,20,3,15,71,43,28,63,1997/1998
5,Leeds United,38,17,8,13,57,46,11,59,1997/1998
6,Blackburn Rovers,38,16,10,12,57,52,5,58,1997/1998
7,Aston Villa,38,17,6,15,49,48,1,57,1997/1998
8,West Ham United,38,16,8,14,56,57,-1,56,1997/1998
9,Derby County,38,16,7,15,52,49,3,55,1997/1998
10,Leicester City,38,13,14,11,51,41,10,53,1997/1998
11,Coventry City,38,12,16,10,46,44,2,52,1997/1998
12,Southampton FC,38,14,6,18,50,55,-5,48,1997/1998
13,Newcastle United,38,11,11,16,35,44,-9,44,1997/1998
14,Tottenham Hotspur,38,11,11,16,44,56,-12,44,1997/1998
15,Wimbledon FC,38,10,14,14,34,46,-12,44,1997/1998
16,Sheffield Wednesday,38,12,8,18,52,67,-15,44,1997/1998
17,Everton FC,38,9,13,16,41,56,-15,40,1997/1998
18,Bolton Wanderers,38,9,13,16,41,61,-20,40,1997/1998
19,Barnsley FC,38,10,5,23,37,82,-45,35,1997/1998
20,Crystal Palace,38,8,9,21,37,71,-34,33,1997/1998
1,Manchester United,38,21,12,5,76,44,32,75,1996/1997
2,Newcastle United,38,19,11,8,73,40,33,68,1996/1997
3,Arsenal FC,38,19,11,8,62,32,30,68,1996/1997
4,Liverpool FC,38,19,11,8,62,37,25,68,1996/1997
5,Aston Villa,38,17,10,11,47,34,13,61,1996/1997
6,Chelsea FC,38,16,11,11,58,55,3,59,1996/1997
7,Sheffield Wednesday,38,14,15,9,50,51,-1,57,1996/1997
8,Wimbledon FC,38,15,11,12,49,46,3,56,1996/1997
9,Leicester City,38,12,11,15,46,54,-8,47,1996/1997
10,Tottenham Hotspur,38,13,7,18,44,51,-7,46,1996/1997
11,Leeds United,38,11,13,14,28,38,-10,46,1996/1997
12,Derby County,38,11,13,14,45,58,-13,46,1996/1997
13,Blackburn Rovers,38,9,15,14,42,43,-1,42,1996/1997
14,West Ham United,38,10,12,16,39,48,-9,42,1996/1997
15,Everton FC,38,10,12,16,44,57,-13,42,1996/1997
16,Southampton FC,38,10,11,17,50,56,-6,41,1996/1997
17,Coventry City,38,9,14,15,38,54,-16,41,1996/1997
18,Sunderland AFC,38,10,10,18,35,53,-18,40,1996/1997
19,Middlesbrough FC,38,10,12,16,51,60,-9,39,1996/1997
20,Nottingham Forest,38,6,16,16,31,59,-28,34,1996/1997
1,Manchester United,38,25,7,6,73,35,38,82,1995/1996
2,Newcastle United,38,24,6,8,66,37,29,78,1995/1996
3,Liverpool FC,38,20,11,7,70,34,36,71,1995/1996
4,Aston Villa,38,18,9,11,52,35,17,63,1995/1996
5,Arsenal FC,38,17,12,9,49,32,17,63,1995/1996
6,Everton FC,38,17,10,11,64,44,20,61,1995/1996
7,Blackburn Rovers,38,18,7,13,61,47,14,61,1995/1996
8,Tottenham Hotspur,38,16,13,9,50,38,12,61,1995/1996
9,Nottingham Forest,38,15,13,10,50,54,-4,58,1995/1996
10,West Ham United,38,14,9,15,43,52,-9,51,1995/1996
11,Chelsea FC,38,12,14,12,46,44,2,50,1995/1996
12,Middlesbrough FC,38,11,10,17,35,50,-15,43,1995/1996
13,Leeds United,38,12,7,19,40,57,-17,43,1995/1996
14,Wimbledon FC,38,10,11,17,55,70,-15,41,1995/1996
15,Sheffield Wednesday,38,10,10,18,48,61,-13,40,1995/1996
16,Coventry City,38,8,14,16,42,60,-18,38,1995/1996
17,Southampton FC,38,9,11,18,34,52,-18,38,1995/1996
18,Manchester City,38,9,11,18,33,58,-25,38,1995/1996
19,Queens Park Rangers,38,9,6,23,38,57,-19,33,1995/1996
20,Bolton Wanderers,38,8,5,25,39,71,-32,29,1995/1996
1,Blackburn Rovers,42,27,8,7,80,39,41,89,1994/1995
2,Manchester United,42,26,10,6,77,28,49,88,1994/1995
3,Nottingham Forest,42,22,11,9,72,43,29,77,1994/1995
4,Liverpool FC,42,21,11,10,65,37,28,74,1994/1995
5,Leeds United,42,20,13,9,59,38,21,73,1994/1995
6,Newcastle United,42,20,12,10,67,47,20,72,1994/1995
7,Tottenham Hotspur,42,16,14,12,66,58,8,62,1994/1995
8,Queens Park Rangers,42,17,9,16,61,59,2,60,1994/1995
9,Wimbledon FC,42,15,11,16,48,65,-17,56,1994/1995
10,Southampton FC,42,12,18,12,61,63,-2,54,1994/1995
11,Chelsea FC,42,13,15,14,50,55,-5,54,1994/1995
12,Arsenal FC,42,13,12,17,52,49,3,51,1994/1995
13,Sheffield Wednesday,42,13,12,17,49,57,-8,51,1994/1995
14,West Ham United,42,13,11,18,44,48,-4,50,1994/1995
15,Everton FC,42,11,17,14,44,51,-7,50,1994/1995
16,Coventry City,42,12,14,16,44,62,-18,50,1994/1995
17,Manchester City,42,12,13,17,53,64,-11,49,1994/1995
18,Aston Villa,42,11,15,16,51,56,-5,48,1994/1995
19,Crystal Palace,42,11,12,19,34,49,-15,45,1994/1995
20,Norwich City,42,10,13,19,37,54,-17,43,1994/1995
21,Leicester City,42,6,11,25,45,80,-35,29,1994/1995
22,Ipswich Town,42,7,6,29,36,93,-57,27,1994/1995
1,Manchester United,42,27,11,4,80,38,42,92,1993/1994
2,Blackburn Rovers,42,25,9,8,63,36,27,84,1993/1994
3,Newcastle United,42,23,8,11,82,41,41,77,1993/1994
4,Arsenal FC,42,18,17,7,53,28,25,71,1993/1994
5,Leeds United,42,18,16,8,65,39,26,70,1993/1994
6,Wimbledon FC,42,18,11,13,56,53,3,65,1993/1994
7,Sheffield Wednesday,42,16,16,10,76,54,22,64,1993/1994
8,Liverpool FC,42,17,9,16,59,55,4,60,1993/1994
9,Queens Park Rangers,42,16,12,14,62,61,1,60,1993/1994
10,Aston Villa,42,15,12,15,46,50,-4,57,1993/1994
11,Coventry City,42,14,14,14,43,45,-2,56,1993/1994
12,Norwich City,42,12,17,13,65,61,4,53,1993/1994
13,West Ham United,42,13,13,16,47,58,-11,52,1993/1994
14,Chelsea FC,42,13,12,17,49,53,-4,51,1993/1994
15,Tottenham Hotspur,42,11,12,19,54,59,-5,45,1993/1994
16,Manchester City,42,9,18,15,38,49,-11,45,1993/1994
17,Everton FC,42,12,8,22,42,63,-21,44,1993/1994
18,Southampton FC,42,12,7,23,49,66,-17,43,1993/1994
19,Ipswich Town,42,9,16,17,35,58,-23,43,1993/1994
20,Sheffield United,42,8,18,16,42,60,-18,42,1993/1994
21,Oldham Athletic,42,9,13,20,42,68,-26,40,1993/1994
22,Swindon Town,42,5,15,22,47,100,-53,30,1993/1994
1,Manchester United,42,24,12,6,67,31,36,84,1992/1993
2,Aston Villa,42,21,11,10,57,40,17,74,1992/1993
3,Norwich City,42,21,9,12,61,65,-4,72,1992/1993
4,Blackburn Rovers,42,20,11,11,68,46,22,71,1992/1993
5,Queens Park Rangers,42,17,12,13,63,55,8,63,1992/1993
6,Liverpool FC,42,16,11,15,62,55,7,59,1992/1993
7,Sheffield Wednesday,42,15,14,13,55,51,4,59,1992/1993
8,Tottenham Hotspur,42,16,11,15,60,66,-6,59,1992/1993
9,Manchester City,42,15,12,15,56,51,5,57,1992/1993
10,Arsenal FC,42,15,11,16,40,38,2,56,1992/1993
11,Chelsea FC,42,14,14,14,51,54,-3,56,1992/1993
12,Wimbledon FC,42,14,12,16,56,55,1,54,1992/1993
13,Everton FC,42,15,8,19,53,55,-2,53,1992/1993
14,Sheffield United,42,14,10,18,54,53,1,52,1992/1993
15,Coventry City,42,13,13,16,52,57,-5,52,1992/1993
16,Ipswich Town,42,12,16,14,50,55,-5,52,1992/1993
17,Leeds United,42,12,15,15,57,62,-5,51,1992/1993
18,Southampton FC,42,13,11,18,54,61,-7,50,1992/1993
19,Oldham Athletic,42,13,10,19,63,74,-11,49,1992/1993
20,Crystal Palace,42,11,16,15,48,61,-13,49,1992/1993
21,Middlesbrough FC,42,11,11,20,54,75,-21,44,1992/1993
22,Nottingham Forest,42,10,10,22,41,62,-21,40,1992/1993
